{
  "label": "lint_parallel",
  "metrics": {
    "response_time_ms": 0.00809994526207447,
    "memory_peak_mb": 0.00128173828125,
    "memory_current_mb": 0.00093841552734375,
    "cpu_percent": 0.0,
    "timestamp": "2025-11-25T15:42:18.583200",
    "passed": true,
    "violations": []
  },
  "thresholds": {
    "response_time_ms": 500.0,
    "memory_mb": 100.0,
    "cpu_percent": 50.0
  }
}