{
  "label": "session_dod_validation",
  "metrics": {
    "response_time_ms": 0.012999982573091984,
    "memory_peak_mb": 0.0012664794921875,
    "memory_current_mb": 0.00092315673828125,
    "cpu_percent": 0.0,
    "timestamp": "2025-11-25T15:42:18.786660",
    "passed": true,
    "violations": []
  },
  "thresholds": {
    "response_time_ms": 500.0,
    "memory_mb": 100.0,
    "cpu_percent": 50.0
  }
}