{
  "label": "tdd_refactoring_suggestions",
  "metrics": {
    "response_time_ms": 0.005400041118264198,
    "memory_peak_mb": 0.001312255859375,
    "memory_current_mb": 0.00096893310546875,
    "cpu_percent": 0.0,
    "timestamp": "2025-11-25T15:42:17.971098",
    "passed": true,
    "violations": []
  },
  "thresholds": {
    "response_time_ms": 500.0,
    "memory_mb": 100.0,
    "cpu_percent": 50.0
  }
}