{
  "tier_queries": {
    "tier1": {
      "get_recent_conversations": 0.4943000094499439,
      "get_conversation_by_id": 0.6121000042185187,
      "get_messages": 0.3769999893847853,
      "get_active_conversation": 0.37779999547638
    },
    "tier2": {
      "get_patterns_by_type": 0.46710000606253743,
      "search_patterns_fts": 0.6335999933071434,
      "find_patterns_by_tag": 0.4524000105448067
    },
    "tier3": {
      "get_git_metrics_30d": 0.3963999915868044,
      "analyze_file_hotspots": 12.364700000034645,
      "get_unstable_files": 0.5932000058237463,
      "calculate_commit_velocity": 0.37239998346194625,
      "get_context_summary": 1.7949999892152846
    }
  },
  "operations": {
    "help_command": {
      "duration_ms": 558.6407000082545,
      "stats_summary": "         480908 function calls (477882 primitive calls) in 0.559 seconds\n\n   Ordered by: cumulative time\n   List reduced from 590 to 20 due to restriction <20>\n\n   ncalls  tottime  percall  cumtime  percall filename:lineno(function)\n        1    0.000    0.000    0.559    0.559 __init__.py:48(execute_operation)\n        1    0.000    0.000    0.559    0.559 __init__.py:298(show_help)\n        1    0.000    0.000    0.552    0.552 help_command.py:269(show_help)\n        1    0.000    0.000    0.552 "
    },
    "cleanup_quick": {
      "duration_ms": 1878.029899991816,
      "stats_summary": "         650174 function calls (647039 primitive calls) in 1.878 seconds\n\n   Ordered by: cumulative time\n   List reduced from 434 to 20 due to restriction <20>\n\n   ncalls  tottime  percall  cumtime  percall filename:lineno(function)\n        1    0.000    0.000    1.878    1.878 __init__.py:48(execute_operation)\n        1    0.000    0.000    1.540    1.540 operations_orchestrator.py:129(execute_operation)\n        1    0.000    0.000    0.878    0.878 vacuum_sqlite_databases_module.py:74(execute)"
    },
    "story_refresh": {
      "duration_ms": 7.555099989986047,
      "stats_summary": "         5571 function calls (5555 primitive calls) in 0.007 seconds\n\n   Ordered by: cumulative time\n   List reduced from 173 to 20 due to restriction <20>\n\n   ncalls  tottime  percall  cumtime  percall filename:lineno(function)\n        1    0.000    0.000    0.007    0.007 __init__.py:48(execute_operation)\n        1    0.000    0.000    0.007    0.007 operations_orchestrator.py:129(execute_operation)\n        1    0.000    0.000    0.003    0.003 save_story_markdown_module.py:76(execute)\n       "
    },
    "demo_quick": {
      "duration_ms": 1638.1692999857478,
      "stats_summary": "         648218 function calls (645228 primitive calls) in 1.638 seconds\n\n   Ordered by: cumulative time\n   List reduced from 436 to 20 due to restriction <20>\n\n   ncalls  tottime  percall  cumtime  percall filename:lineno(function)\n      3/1    0.000    0.000    1.638    1.638 __init__.py:48(execute_operation)\n      3/1    0.000    0.000    1.638    1.638 operations_orchestrator.py:129(execute_operation)\n        1    0.000    0.000    1.316    1.316 demo_cleanup_module.py:75(execute)\n        1 "
    },
    "environment_setup": {
      "duration_ms": 3741.469300002791,
      "stats_summary": "         297689 function calls (295871 primitive calls) in 3.741 seconds\n\n   Ordered by: cumulative time\n   List reduced from 544 to 20 due to restriction <20>\n\n   ncalls  tottime  percall  cumtime  percall filename:lineno(function)\n        1    0.000    0.000    3.741    3.741 __init__.py:48(execute_operation)\n        1    0.000    0.000    3.741    3.741 operations_orchestrator.py:129(execute_operation)\n       10    0.000    0.000    3.544    0.354 subprocess.py:512(run)\n       10    0.000    "
    }
  },
  "hotspots": [
    {
      "operation": "environment_setup",
      "function": "__init__.py:48(execute_operation)",
      "cumulative_time_s": 3.741,
      "percentage": 99.98745679931703
    },
    {
      "operation": "environment_setup",
      "function": "operations_orchestrator.py:129(execute_operation)",
      "cumulative_time_s": 3.741,
      "percentage": 99.98745679931703
    },
    {
      "operation": "environment_setup",
      "function": "subprocess.py:512(run)",
      "cumulative_time_s": 3.544,
      "percentage": 94.7221456553808
    },
    {
      "operation": "environment_setup",
      "function": "subprocess.py:1178(communicate)",
      "cumulative_time_s": 3.506,
      "percentage": 93.70650188142355
    },
    {
      "operation": "environment_setup",
      "function": "subprocess.py:1619(_communicate)",
      "cumulative_time_s": 3.505,
      "percentage": 93.67977441368784
    },
    {
      "operation": "environment_setup",
      "function": "threading.py:1058(join)",
      "cumulative_time_s": 3.504,
      "percentage": 93.65304694595213
    },
    {
      "operation": "environment_setup",
      "function": "objects}",
      "cumulative_time_s": 3.503,
      "percentage": 93.6263194782164
    },
    {
      "operation": "environment_setup",
      "function": "threading.py:1000(_bootstrap)",
      "cumulative_time_s": 3.499,
      "percentage": 93.51940960727354
    },
    {
      "operation": "environment_setup",
      "function": "threading.py:1027(_bootstrap_inner)",
      "cumulative_time_s": 3.499,
      "percentage": 93.51940960727354
    },
    {
      "operation": "cleanup_quick",
      "function": "__init__.py:48(execute_operation)",
      "cumulative_time_s": 1.878,
      "percentage": 99.99840790650798
    },
    {
      "operation": "demo_quick",
      "function": "__init__.py:48(execute_operation)",
      "cumulative_time_s": 1.638,
      "percentage": 99.98966529370625
    },
    {
      "operation": "demo_quick",
      "function": "operations_orchestrator.py:129(execute_operation)",
      "cumulative_time_s": 1.638,
      "percentage": 99.98966529370625
    },
    {
      "operation": "cleanup_quick",
      "function": "operations_orchestrator.py:129(execute_operation)",
      "cumulative_time_s": 1.54,
      "percentage": 82.00082437487876
    },
    {
      "operation": "demo_quick",
      "function": "demo_cleanup_module.py:75(execute)",
      "cumulative_time_s": 1.316,
      "percentage": 80.33357724451614
    },
    {
      "operation": "cleanup_quick",
      "function": "vacuum_sqlite_databases_module.py:74(execute)",
      "cumulative_time_s": 0.878,
      "percentage": 46.751119351391914
    },
    {
      "operation": "cleanup_quick",
      "function": "objects}",
      "cumulative_time_s": 0.864,
      "percentage": 46.00565731162028
    },
    {
      "operation": "demo_quick",
      "function": "vacuum_sqlite_databases_module.py:74(execute)",
      "cumulative_time_s": 0.781,
      "percentage": 47.67517008204187
    },
    {
      "operation": "demo_quick",
      "function": "objects}",
      "cumulative_time_s": 0.769,
      "percentage": 46.94264506157516
    },
    {
      "operation": "cleanup_quick",
      "function": "scan_temporary_files_module.py:83(execute)",
      "cumulative_time_s": 0.616,
      "percentage": 32.8003297499515
    },
    {
      "operation": "help_command",
      "function": "__init__.py:48(execute_operation)",
      "cumulative_time_s": 0.559,
      "percentage": 100.0643168304315
    }
  ],
  "summary": {
    "tier1_avg_ms": 0.465299999632407,
    "tier2_avg_ms": 0.5177000033048292,
    "tier3_avg_ms": 3.1043399940244853,
    "operations_avg_ms": 1564.772859995719,
    "tier1_target_met": true,
    "tier2_target_met": true,
    "tier3_target_met": true,
    "operations_target_met": true
  }
}