{
  "tier_queries": {
    "tier1": {
      "get_recent_conversations": 0.4723999882116914,
      "get_conversation_by_id": 0.7364000048255548,
      "get_messages": 0.5287999956635758,
      "get_active_conversation": 0.5073999927844852
    },
    "tier2": {
      "get_patterns_by_type": 0.567600000067614,
      "search_patterns_fts": 0.9357000089948997,
      "find_patterns_by_tag": 0.5554999952437356
    },
    "tier3": {
      "get_git_metrics_30d": 0.8807999984128401,
      "analyze_file_hotspots": 2497.365400005947,
      "get_unstable_files": 0.8920999971451238,
      "calculate_commit_velocity": 0.6353000062517822,
      "get_context_summary": 3.710499993758276
    }
  },
  "operations": {
    "help_command": {
      "duration_ms": 583.1727000040701,
      "stats_summary": "         609152 function calls (604828 primitive calls) in 0.583 seconds\n\n   Ordered by: cumulative time\n   List reduced from 837 to 20 due to restriction <20>\n\n   ncalls  tottime  percall  cumtime  percall filename:lineno(function)\n        1    0.000    0.000    0.583    0.583 __init__.py:48(execute_operation)\n        1    0.000    0.000    0.583    0.583 __init__.py:298(show_help)\n        1    0.000    0.000    0.576    0.576 help_command.py:269(show_help)\n        1    0.000    0.000    0.576 "
    },
    "cleanup_quick": {
      "duration_ms": 31138.444799988065,
      "stats_summary": "         30627073 function calls (29263554 primitive calls) in 31.138 seconds\n\n   Ordered by: cumulative time\n   List reduced from 572 to 20 due to restriction <20>\n\n   ncalls  tottime  percall  cumtime  percall filename:lineno(function)\n        1    0.000    0.000   31.138   31.138 __init__.py:48(execute_operation)\n        1    0.000    0.000   30.750   30.750 operations_orchestrator.py:140(execute_operation)\n        1    0.029    0.029   30.749   30.749 cleanup_orchestrator.py:189(execute)\n   "
    },
    "story_refresh": {
      "duration_ms": 9.878199998638593,
      "stats_summary": "         5805 function calls (5789 primitive calls) in 0.010 seconds\n\n   Ordered by: cumulative time\n   List reduced from 216 to 20 due to restriction <20>\n\n   ncalls  tottime  percall  cumtime  percall filename:lineno(function)\n        1    0.000    0.000    0.010    0.010 __init__.py:48(execute_operation)\n        1    0.000    0.000    0.009    0.009 operations_orchestrator.py:140(execute_operation)\n        1    0.000    0.000    0.004    0.004 apply_narrator_voice_module.py:81(execute)\n      "
    },
    "demo_quick": {
      "duration_ms": 29401.648300001398,
      "stats_summary": "         30631051 function calls (29267685 primitive calls) in 29.401 seconds\n\n   Ordered by: cumulative time\n   List reduced from 574 to 20 due to restriction <20>\n\n   ncalls  tottime  percall  cumtime  percall filename:lineno(function)\n      3/1    0.000    0.000   29.402   29.402 __init__.py:48(execute_operation)\n      3/1    0.001    0.000   29.401   29.401 operations_orchestrator.py:140(execute_operation)\n        1    0.000    0.000   28.992   28.992 demo_cleanup_module.py:75(execute)\n     "
    },
    "environment_setup": {
      "duration_ms": 10859.079800007748,
      "stats_summary": "         299910 function calls (297976 primitive calls) in 10.859 seconds\n\n   Ordered by: cumulative time\n   List reduced from 505 to 20 due to restriction <20>\n\n   ncalls  tottime  percall  cumtime  percall filename:lineno(function)\n        1    0.000    0.000   10.859   10.859 __init__.py:48(execute_operation)\n        1    0.000    0.000   10.858   10.858 operations_orchestrator.py:140(execute_operation)\n       14    0.000    0.000   10.587    0.756 subprocess.py:512(run)\n       14    0.000   "
    }
  },
  "hotspots": [
    {
      "operation": "cleanup_quick",
      "function": "__init__.py:48(execute_operation)",
      "cumulative_time_s": 31.138,
      "percentage": 99.99857154077245
    },
    {
      "operation": "cleanup_quick",
      "function": "operations_orchestrator.py:140(execute_operation)",
      "cumulative_time_s": 30.75,
      "percentage": 98.75252344012951
    },
    {
      "operation": "cleanup_quick",
      "function": "cleanup_orchestrator.py:189(execute)",
      "cumulative_time_s": 30.749,
      "percentage": 98.74931197595258
    },
    {
      "operation": "demo_quick",
      "function": "__init__.py:48(execute_operation)",
      "cumulative_time_s": 29.402,
      "percentage": 100.00119619143462
    },
    {
      "operation": "demo_quick",
      "function": "operations_orchestrator.py:140(execute_operation)",
      "cumulative_time_s": 29.401,
      "percentage": 99.99779502157573
    },
    {
      "operation": "demo_quick",
      "function": "demo_cleanup_module.py:75(execute)",
      "cumulative_time_s": 28.992,
      "percentage": 98.60671654928484
    },
    {
      "operation": "demo_quick",
      "function": "cleanup_orchestrator.py:189(execute)",
      "cumulative_time_s": 28.991,
      "percentage": 98.60331537942592
    },
    {
      "operation": "cleanup_quick",
      "function": "cleanup_orchestrator.py:616(_reorganize_files)",
      "cumulative_time_s": 21.41,
      "percentage": 68.75744802774545
    },
    {
      "operation": "demo_quick",
      "function": "cleanup_orchestrator.py:616(_reorganize_files)",
      "cumulative_time_s": 20.726,
      "percentage": 70.49264649560145
    },
    {
      "operation": "demo_quick",
      "function": "_local.py:365(relative_to)",
      "cumulative_time_s": 13.861,
      "percentage": 47.14361541423969
    },
    {
      "operation": "cleanup_quick",
      "function": "_local.py:365(relative_to)",
      "cumulative_time_s": 13.844,
      "percentage": 44.45951006520822
    },
    {
      "operation": "demo_quick",
      "function": "_collections_abc>:1037(__contains__)",
      "cumulative_time_s": 10.897,
      "percentage": 37.06254795245436
    },
    {
      "operation": "cleanup_quick",
      "function": "_collections_abc>:1037(__contains__)",
      "cumulative_time_s": 10.862,
      "percentage": 34.882923889648346
    },
    {
      "operation": "environment_setup",
      "function": "__init__.py:48(execute_operation)",
      "cumulative_time_s": 10.859,
      "percentage": 99.9992651310312
    },
    {
      "operation": "environment_setup",
      "function": "operations_orchestrator.py:140(execute_operation)",
      "cumulative_time_s": 10.858,
      "percentage": 99.99005624760446
    },
    {
      "operation": "environment_setup",
      "function": "subprocess.py:512(run)",
      "cumulative_time_s": 10.587,
      "percentage": 97.49444883895637
    },
    {
      "operation": "environment_setup",
      "function": "subprocess.py:1178(communicate)",
      "cumulative_time_s": 10.448,
      "percentage": 96.21441404263874
    },
    {
      "operation": "environment_setup",
      "function": "subprocess.py:1619(_communicate)",
      "cumulative_time_s": 10.442,
      "percentage": 96.15916074207826
    },
    {
      "operation": "environment_setup",
      "function": "threading.py:1058(join)",
      "cumulative_time_s": 10.441,
      "percentage": 96.1499518586515
    },
    {
      "operation": "environment_setup",
      "function": "objects}",
      "cumulative_time_s": 10.439,
      "percentage": 96.13153409179802
    }
  ],
  "summary": {
    "tier1_avg_ms": 0.5612499953713268,
    "tier2_avg_ms": 0.6862666681020831,
    "tier3_avg_ms": 500.696820000303,
    "operations_avg_ms": 14398.444759999984,
    "tier1_target_met": true,
    "tier2_target_met": true,
    "tier3_target_met": false,
    "operations_target_met": false
  }
}