{
  "tier_queries": {
    "tier1": {
      "get_recent_conversations": 0.4827000084333122,
      "get_conversation_by_id": 0.7375999994110316,
      "get_messages": 0.48180000158026814,
      "get_active_conversation": 0.4253999941283837
    },
    "tier2": {
      "get_patterns_by_type": 0.48319999768864363,
      "search_patterns_fts": 0.9469000069657341,
      "find_patterns_by_tag": 0.6202999938977882
    },
    "tier3": {
      "get_git_metrics_30d": 1.1500999971758574,
      "analyze_file_hotspots": 39.71640000236221,
      "get_unstable_files": 0.9150999976554886,
      "calculate_commit_velocity": 0.5555000097956508,
      "get_context_summary": 2.5384000036865473
    }
  },
  "operations": {
    "help_command": {
      "duration_ms": 582.7569000102812,
      "stats_summary": "         609152 function calls (604828 primitive calls) in 0.582 seconds\n\n   Ordered by: cumulative time\n   List reduced from 837 to 20 due to restriction <20>\n\n   ncalls  tottime  percall  cumtime  percall filename:lineno(function)\n        1    0.000    0.000    0.583    0.583 __init__.py:48(execute_operation)\n        1    0.000    0.000    0.583    0.583 __init__.py:298(show_help)\n        1    0.000    0.000    0.581    0.581 help_command.py:269(show_help)\n        1    0.000    0.000    0.581 "
    },
    "cleanup_quick": {
      "duration_ms": 27870.354300001054,
      "stats_summary": "         30681831 function calls (29317978 primitive calls) in 27.870 seconds\n\n   Ordered by: cumulative time\n   List reduced from 573 to 20 due to restriction <20>\n\n   ncalls  tottime  percall  cumtime  percall filename:lineno(function)\n        1    0.000    0.000   27.870   27.870 __init__.py:48(execute_operation)\n        1    0.000    0.000   27.509   27.509 operations_orchestrator.py:140(execute_operation)\n        1    0.028    0.028   27.509   27.509 cleanup_orchestrator.py:189(execute)\n   "
    },
    "story_refresh": {
      "duration_ms": 8.252400002675131,
      "stats_summary": "         5805 function calls (5789 primitive calls) in 0.008 seconds\n\n   Ordered by: cumulative time\n   List reduced from 216 to 20 due to restriction <20>\n\n   ncalls  tottime  percall  cumtime  percall filename:lineno(function)\n        1    0.000    0.000    0.008    0.008 __init__.py:48(execute_operation)\n        1    0.000    0.000    0.008    0.008 operations_orchestrator.py:140(execute_operation)\n        1    0.000    0.000    0.002    0.002 apply_narrator_voice_module.py:81(execute)\n      "
    },
    "demo_quick": {
      "duration_ms": 28911.178700000164,
      "stats_summary": "         30691663 function calls (29327711 primitive calls) in 28.911 seconds\n\n   Ordered by: cumulative time\n   List reduced from 574 to 20 due to restriction <20>\n\n   ncalls  tottime  percall  cumtime  percall filename:lineno(function)\n      3/1    0.000    0.000   28.911   28.911 __init__.py:48(execute_operation)\n      3/1    0.001    0.000   28.910   28.910 operations_orchestrator.py:140(execute_operation)\n        1    0.000    0.000   28.448   28.448 demo_cleanup_module.py:75(execute)\n     "
    },
    "environment_setup": {
      "duration_ms": 6209.841300005792,
      "stats_summary": "         299910 function calls (297977 primitive calls) in 6.210 seconds\n\n   Ordered by: cumulative time\n   List reduced from 505 to 20 due to restriction <20>\n\n   ncalls  tottime  percall  cumtime  percall filename:lineno(function)\n        1    0.000    0.000    6.210    6.210 __init__.py:48(execute_operation)\n        1    0.000    0.000    6.209    6.209 operations_orchestrator.py:140(execute_operation)\n       14    0.000    0.000    5.954    0.425 subprocess.py:512(run)\n       14    0.000    "
    }
  },
  "hotspots": [
    {
      "operation": "demo_quick",
      "function": "__init__.py:48(execute_operation)",
      "cumulative_time_s": 28.911,
      "percentage": 99.99938189998403
    },
    {
      "operation": "demo_quick",
      "function": "operations_orchestrator.py:140(execute_operation)",
      "cumulative_time_s": 28.91,
      "percentage": 99.9959230302839
    },
    {
      "operation": "demo_quick",
      "function": "demo_cleanup_module.py:75(execute)",
      "cumulative_time_s": 28.448,
      "percentage": 98.39792522883143
    },
    {
      "operation": "demo_quick",
      "function": "cleanup_orchestrator.py:189(execute)",
      "cumulative_time_s": 28.447,
      "percentage": 98.39446635913131
    },
    {
      "operation": "cleanup_quick",
      "function": "__init__.py:48(execute_operation)",
      "cumulative_time_s": 27.87,
      "percentage": 99.99872875673829
    },
    {
      "operation": "cleanup_quick",
      "function": "operations_orchestrator.py:140(execute_operation)",
      "cumulative_time_s": 27.509,
      "percentage": 98.70344561783688
    },
    {
      "operation": "cleanup_quick",
      "function": "cleanup_orchestrator.py:189(execute)",
      "cumulative_time_s": 27.509,
      "percentage": 98.70344561783688
    },
    {
      "operation": "demo_quick",
      "function": "cleanup_orchestrator.py:616(_reorganize_files)",
      "cumulative_time_s": 20.52,
      "percentage": 70.97600624633088
    },
    {
      "operation": "cleanup_quick",
      "function": "cleanup_orchestrator.py:616(_reorganize_files)",
      "cumulative_time_s": 19.7,
      "percentage": 70.68442613949567
    },
    {
      "operation": "demo_quick",
      "function": "_local.py:365(relative_to)",
      "cumulative_time_s": 13.71,
      "percentage": 47.42110358855734
    },
    {
      "operation": "cleanup_quick",
      "function": "_local.py:365(relative_to)",
      "cumulative_time_s": 13.062,
      "percentage": 46.86700376822804
    },
    {
      "operation": "demo_quick",
      "function": "_collections_abc>:1037(__contains__)",
      "cumulative_time_s": 10.775,
      "percentage": 37.269321018723936
    },
    {
      "operation": "cleanup_quick",
      "function": "_collections_abc>:1037(__contains__)",
      "cumulative_time_s": 10.255,
      "percentage": 36.79537005383391
    },
    {
      "operation": "demo_quick",
      "function": "cleanup_orchestrator.py:389(_is_protected)",
      "cumulative_time_s": 8.885,
      "percentage": 30.73205728550925
    },
    {
      "operation": "cleanup_quick",
      "function": "cleanup_orchestrator.py:389(_is_protected)",
      "cumulative_time_s": 8.493,
      "percentage": 30.473240162575472
    },
    {
      "operation": "demo_quick",
      "function": "_collections_abc>:1027(__iter__)",
      "cumulative_time_s": 7.691,
      "percentage": 26.60216686357363
    },
    {
      "operation": "cleanup_quick",
      "function": "_collections_abc>:1027(__iter__)",
      "cumulative_time_s": 7.332,
      "percentage": 26.307523474862045
    },
    {
      "operation": "cleanup_quick",
      "function": "_local.py:44(__getitem__)",
      "cumulative_time_s": 6.956,
      "percentage": 24.958419706920402
    },
    {
      "operation": "environment_setup",
      "function": "__init__.py:48(execute_operation)",
      "cumulative_time_s": 6.21,
      "percentage": 100.0025556207726
    },
    {
      "operation": "environment_setup",
      "function": "operations_orchestrator.py:140(execute_operation)",
      "cumulative_time_s": 6.209,
      "percentage": 99.98645214965813
    }
  ],
  "summary": {
    "tier1_avg_ms": 0.5318750008882489,
    "tier2_avg_ms": 0.6834666661840553,
    "tier3_avg_ms": 8.97510000213515,
    "operations_avg_ms": 12716.476720003993,
    "tier1_target_met": true,
    "tier2_target_met": true,
    "tier3_target_met": true,
    "operations_target_met": false
  }
}