{
  "label": "tdd_test_generation",
  "metrics": {
    "response_time_ms": 0.003300025127828121,
    "memory_peak_mb": 0.0012664794921875,
    "memory_current_mb": 0.00092315673828125,
    "cpu_percent": 0.0,
    "timestamp": "2025-11-25T15:42:17.767986",
    "passed": true,
    "violations": []
  },
  "thresholds": {
    "response_time_ms": 500.0,
    "memory_mb": 100.0,
    "cpu_percent": 50.0
  }
}