{
  "label": "checkpoint_creation",
  "metrics": {
    "response_time_ms": 0.0034999102354049683,
    "memory_peak_mb": 0.00121307373046875,
    "memory_current_mb": 0.0008697509765625,
    "cpu_percent": 0.0,
    "timestamp": "2025-11-25T15:42:20.212432",
    "passed": true,
    "violations": []
  },
  "thresholds": {
    "response_time_ms": 500.0,
    "memory_mb": 100.0,
    "cpu_percent": 50.0
  }
}