{
  "label": "TDDWorkflow.generate_tests",
  "metrics": {
    "response_time_ms": 0.001800013706088066,
    "memory_peak_mb": 0.00107574462890625,
    "memory_current_mb": 0.000732421875,
    "cpu_percent": 0.0,
    "timestamp": "2025-11-25T15:42:20.823468",
    "passed": true,
    "violations": []
  },
  "thresholds": {
    "response_time_ms": 500.0,
    "memory_mb": 100.0,
    "cpu_percent": 50.0
  }
}