{
  "label": "upgrade_brain_backup",
  "metrics": {
    "response_time_ms": 0.0034999102354049683,
    "memory_peak_mb": 0.0012359619140625,
    "memory_current_mb": 0.00089263916015625,
    "cpu_percent": 0.0,
    "timestamp": "2025-11-25T15:42:19.603518",
    "passed": true,
    "violations": []
  },
  "thresholds": {
    "response_time_ms": 500.0,
    "memory_mb": 100.0,
    "cpu_percent": 50.0
  }
}