{
  "label": "checkpoint_skull_validation",
  "metrics": {
    "response_time_ms": 0.0039000296965241432,
    "memory_peak_mb": 0.001220703125,
    "memory_current_mb": 0.00087738037109375,
    "cpu_percent": 0.0,
    "timestamp": "2025-11-25T15:42:20.009178",
    "passed": true,
    "violations": []
  },
  "thresholds": {
    "response_time_ms": 500.0,
    "memory_mb": 100.0,
    "cpu_percent": 50.0
  }
}