{
  "label": "GitCheckpoint.validate_skull",
  "metrics": {
    "response_time_ms": 0.003100023604929447,
    "memory_peak_mb": 0.0011444091796875,
    "memory_current_mb": 0.00080108642578125,
    "cpu_percent": 0.0,
    "timestamp": "2025-11-25T15:42:22.241395",
    "passed": true,
    "violations": []
  },
  "thresholds": {
    "response_time_ms": 500.0,
    "memory_mb": 100.0,
    "cpu_percent": 50.0
  }
}