{
  "label": "Upgrade.check_version",
  "metrics": {
    "response_time_ms": 0.001900014467537403,
    "memory_peak_mb": 0.0011444091796875,
    "memory_current_mb": 0.00080108642578125,
    "cpu_percent": 0.0,
    "timestamp": "2025-11-25T15:42:21.835122",
    "passed": true,
    "violations": []
  },
  "thresholds": {
    "response_time_ms": 500.0,
    "memory_mb": 100.0,
    "cpu_percent": 50.0
  }
}