{
  "label": "session_metrics_comparison",
  "metrics": {
    "response_time_ms": 0.003800028935074806,
    "memory_peak_mb": 0.001251220703125,
    "memory_current_mb": 0.00090789794921875,
    "cpu_percent": 0.0,
    "timestamp": "2025-11-25T15:42:19.195260",
    "passed": true,
    "violations": []
  },
  "thresholds": {
    "response_time_ms": 500.0,
    "memory_mb": 100.0,
    "cpu_percent": 50.0
  }
}